frame_idx,detector_ms,tracker_ms,total_ms
0,12.4509,4.4522,16.9031
1,12.5001,4.3642,16.8643
2,9.6518,4.5643,14.2162
3,9.6478,5.1795,14.8274
4,9.7857,4.4902,14.2760
5,9.8085,5.1761,14.9846
6,9.8348,5.2369,15.0717
7,9.6477,5.1957,14.8433
8,9.8482,5.0359,14.8842
9,9.4731,4.7577,14.2308
10,9.5962,6.1528,15.7490
11,9.9145,5.7349,15.6494
12,9.5642,5.0554,14.6196
13,9.5904,4.9070,14.4975
14,9.5360,4.9891,14.5252
15,8.9788,5.2437,14.2225
16,8.7183,4.9996,13.7180
17,8.6582,4.9371,13.5953
18,8.8304,4.8826,13.7130
19,8.6733,5.0022,13.6754
20,8.6829,5.0929,13.7757
21,8.6847,4.4773,13.1620
22,8.6484,4.6530,13.3014
23,8.6179,5.0832,13.7011
24,8.5839,4.7958,13.3797
25,8.6207,4.4849,13.1056
26,8.5745,4.7746,13.3491
27,8.5665,5.0248,13.5914
28,8.5677,4.8565,13.4242
29,8.5681,4.7867,13.3548
30,8.4141,5.3477,13.7618
31,8.5159,4.8440,13.3599
32,8.3838,4.7463,13.1301
33,8.3501,4.6965,13.0465
34,8.3601,4.6102,12.9703
35,8.4686,5.0618,13.5304
36,8.3403,4.8262,13.1665
37,8.3933,5.0008,13.3941
38,8.7300,4.9293,13.6593
39,8.4065,4.7901,13.1966
40,8.4027,4.6242,13.0269
41,8.3601,5.0740,13.4341
42,8.3972,4.7890,13.1861
43,8.5049,4.7646,13.2695
44,8.3610,4.7205,13.0815
45,8.3362,4.5250,12.8612
46,8.3096,4.1860,12.4955
47,8.4107,4.2953,12.7061
48,8.3330,4.5935,12.9265
49,8.5452,4.7427,13.2879
50,8.3833,4.6822,13.0654
51,8.3672,4.6688,13.0361
52,8.3081,5.4014,13.7094
53,8.3353,4.8419,13.1772
54,8.4135,4.5779,12.9914
55,8.2872,4.3539,12.6411
56,8.3308,4.5358,12.8666
57,8.4088,4.4738,12.8825
58,8.3866,4.4593,12.8459
59,8.3655,5.0386,13.4041
60,8.3638,5.5814,13.9453
61,8.5530,5.0724,13.6254
62,8.6821,5.4447,14.1269
63,8.7027,5.7415,14.4442
64,8.4637,5.8386,14.3023
65,8.5832,5.6747,14.2579
66,8.5274,5.3686,13.8959
67,8.6275,5.2471,13.8745
68,8.3988,5.4247,13.8235
69,8.6260,6.0383,14.6642
70,8.7239,5.7979,14.5218
71,8.4847,5.1255,13.6102
72,8.5523,5.3092,13.8615
73,8.4844,5.4988,13.9831
74,8.5275,5.4708,13.9983
75,8.6024,4.6180,13.2205
76,8.3650,4.8222,13.1872
77,8.5293,4.5303,13.0596
78,8.3551,4.4917,12.8469
79,8.3693,4.7172,13.0865
80,8.3638,4.5138,12.8776
81,8.3405,4.6617,13.0022
82,8.3659,4.6838,13.0497
83,8.4951,4.4407,12.9358
84,8.5512,6.9127,15.4639
85,8.5220,5.1586,13.6806
86,8.4380,4.6502,13.0882
87,8.4130,4.9398,13.3528
88,8.3798,5.0814,13.4612
89,8.3679,4.9358,13.3037
90,8.4548,4.9145,13.3693
91,8.3677,4.8641,13.2318
92,8.4073,4.6990,13.1063
93,8.3665,5.0889,13.4555
94,8.3637,4.8526,13.2163
95,8.3468,4.9321,13.2789
96,8.3298,5.2122,13.5420
97,8.3103,4.9582,13.2685
98,8.4314,5.0115,13.4428
99,8.4711,5.1806,13.6517
100,8.4625,4.9361,13.3986
101,8.4144,5.4174,13.8318
102,8.5346,5.2190,13.7535
103,8.4222,5.1870,13.6093
104,8.4633,5.0121,13.4754
105,8.3197,4.8997,13.2194
106,8.3149,5.4363,13.7512
107,8.4089,4.8356,13.2445
108,8.5100,4.8889,13.3989
109,8.3632,5.0358,13.3990
110,8.4400,5.0803,13.5203
111,8.3097,4.7688,13.0785
112,8.3343,4.5255,12.8599
113,8.8755,4.7604,13.6359
114,8.5522,4.6815,13.2337
115,8.3015,4.4711,12.7725
116,8.3682,5.1590,13.5272
117,8.3213,4.4950,12.8163
118,8.3195,4.7917,13.1112
119,8.3452,4.6947,13.0399
120,8.3896,4.7517,13.1413
121,8.3689,4.3498,12.7186
122,8.4730,4.4196,12.8926
123,8.3595,4.6670,13.0265
124,8.6475,4.5009,13.1484
125,8.4674,4.2888,12.7562
126,8.5878,4.4044,12.9922
127,8.5037,4.6728,13.1765
128,8.4679,4.6168,13.0847
129,8.5269,5.2858,13.8127
130,8.6251,4.5790,13.2041
131,8.4234,4.5196,12.9430
132,8.3696,4.3194,12.6889
133,8.3939,4.8418,13.2357
134,8.3641,4.3980,12.7620
135,8.3900,4.3759,12.7659
136,8.3786,4.6244,13.0030
137,8.4240,4.9173,13.3413
138,8.4046,5.1011,13.5057
139,8.4120,4.7307,13.1428
140,8.4097,4.7168,13.1265
141,8.6058,5.1511,13.7569
142,8.5039,4.8361,13.3399
143,8.3195,4.7765,13.0959
144,8.3167,4.8959,13.2127
145,8.3480,5.2143,13.5624
146,8.3326,4.9426,13.2752
147,8.3428,4.7932,13.1360
148,8.3013,4.8332,13.1345
149,8.4450,4.6088,13.0538
150,8.3711,4.7489,13.1200
151,8.3417,4.8860,13.2277
152,8.3942,4.7178,13.1120
153,8.4554,4.4143,12.8697
154,8.3857,4.5246,12.9103
155,8.4734,4.5455,13.0188
156,8.4136,5.0427,13.4563
157,8.4355,4.9104,13.3459
158,8.4368,5.1844,13.6213
159,8.4298,4.9386,13.3684
160,9.8629,5.0761,14.9390
161,8.5196,5.2969,13.8165
162,8.4533,4.5362,12.9896
163,8.3909,4.2134,12.6043
164,8.4449,4.1804,12.6253
165,8.3179,4.6246,12.9425
166,8.4341,4.6373,13.0714
167,8.4941,4.3832,12.8772
168,8.3521,4.2887,12.6407
169,8.3446,4.7194,13.0641
170,8.5098,4.6271,13.1369
171,8.3460,4.5673,12.9134
172,8.3646,4.4623,12.8269
173,8.3974,4.2792,12.6766
174,8.3186,4.3316,12.6502
175,8.5978,4.3127,12.9105
176,8.4428,4.3109,12.7537
177,8.5078,4.5817,13.0895
178,8.5579,4.4224,12.9804
179,8.4668,4.5846,13.0513
180,8.4393,4.5054,12.9446
181,8.5908,4.5389,13.1297
182,8.4235,4.5455,12.9690
183,8.3941,4.9509,13.3450
184,8.3619,4.8422,13.2041
185,8.4140,4.9591,13.3731
186,8.4547,4.6946,13.1493
187,8.3782,4.3729,12.7511
188,8.3328,4.7360,13.0688
189,8.3774,5.0811,13.4584
190,8.9802,4.6489,13.6291
191,8.3693,4.4574,12.8267
192,8.3989,4.5559,12.9548
193,8.3639,4.6215,12.9854
194,8.3744,4.1610,12.5354
195,8.5157,4.4663,12.9820
196,8.5049,4.2880,12.7929
197,8.4022,4.1182,12.5204
198,8.4755,4.4885,12.9640
199,8.3308,4.4902,12.8210
200,8.5527,4.3108,12.8635
201,8.3789,4.1541,12.5330
202,8.3287,4.0964,12.4252
203,8.3883,4.7293,13.1176
204,8.4926,4.4951,12.9877
205,8.4507,4.4523,12.9030
206,8.3750,4.4521,12.8272
207,8.3198,4.3629,12.6826
208,8.3214,4.3601,12.6815
209,8.3192,4.5646,12.8838
210,8.3419,4.4316,12.7735
211,8.5075,4.8290,13.3364
212,8.3985,4.5454,12.9438
213,8.4380,4.4698,12.9078
214,8.3886,4.4968,12.8854
215,8.4747,4.7835,13.2582
216,8.5418,4.9917,13.5335
217,8.5184,4.8131,13.3315
218,8.4633,4.8301,13.2935
219,8.4067,4.3930,12.7996
220,8.4320,4.6270,13.0590
221,8.3552,4.6366,12.9918
222,8.3981,4.4517,12.8498
223,8.5147,4.4513,12.9660
224,8.3564,4.4589,12.8153
225,8.6430,4.4590,13.1020
226,8.4635,4.7879,13.2514
227,8.5432,4.8317,13.3748
228,8.4307,4.7171,13.1478
229,8.7456,4.7785,13.5241
230,8.4352,4.0478,12.4830
231,8.3372,4.5777,12.9149
232,8.4426,4.5781,13.0207
233,8.3346,4.5697,12.9044
234,8.4623,4.4327,12.8950
235,8.4254,4.3366,12.7620
236,8.5051,4.4197,12.9248
237,9.2289,4.5322,13.7611
238,8.3562,4.2061,12.5623
239,8.3726,4.3034,12.6760
240,8.4816,4.0715,12.5531
241,8.3848,4.0295,12.4142
242,8.4423,4.2220,12.6643
243,8.3822,4.0524,12.4346
244,8.5785,4.2590,12.8375
245,8.4202,4.1824,12.6026
246,8.3992,4.1698,12.5691
247,8.5575,4.0138,12.5713
248,8.3988,4.0224,12.4212
249,8.3744,4.1758,12.5502
250,8.4809,4.2867,12.7675
251,8.3291,3.9704,12.2995
252,8.4197,4.2116,12.6312
253,8.3062,4.1169,12.4230
254,8.6008,4.1651,12.7659
255,8.4642,3.9332,12.3975
256,8.3549,4.1117,12.4666
257,8.3887,4.1479,12.5366
258,8.4703,4.4898,12.9601
259,8.3591,4.1784,12.5375
260,8.3145,4.1337,12.4483
261,8.4104,2.9626,11.3730
262,8.5938,3.7095,12.3033
263,8.6407,3.0995,11.7402
264,8.5715,3.2588,11.8302
265,8.5898,3.3240,11.9138
266,8.7064,4.8423,13.5488
267,8.4924,5.1796,13.6720
268,8.5605,5.4303,13.9908
269,8.5019,4.7978,13.2997
270,8.4466,4.7261,13.1727
271,8.4123,5.1601,13.5724
272,8.3809,5.0527,13.4335
273,8.5719,5.2180,13.7899
274,8.5540,5.0472,13.6011
275,8.3581,4.7850,13.1431
276,8.7165,5.0299,13.7463
277,8.4934,5.2204,13.7137
278,9.4881,5.0025,14.4906
279,8.6587,4.8206,13.4793
280,8.3599,4.9316,13.2915
281,8.3597,4.7675,13.1272
282,8.3949,4.9243,13.3192
283,8.3498,4.8890,13.2388
284,8.4179,4.7589,13.1768
285,8.3823,4.4948,12.8772
286,8.3709,4.7073,13.0782
287,8.5609,4.6978,13.2587
288,8.5544,4.4983,13.0527
289,8.4370,4.9558,13.3928
290,8.4106,4.4499,12.8605
291,8.5108,4.5289,13.0397
292,8.5106,5.0612,13.5718
293,8.5670,4.1825,12.7495
294,8.5157,4.0739,12.5896
295,8.4597,4.5216,12.9813
296,8.4992,4.4103,12.9095
297,8.4525,4.0936,12.5461
298,8.3229,4.0278,12.3507
299,8.3267,4.3172,12.6438
300,8.3174,4.2435,12.5609
301,8.3678,4.4134,12.7811
302,8.3387,4.2349,12.5736
303,8.3484,4.7053,13.0537
304,8.8280,3.2776,12.1056
305,8.7804,3.3270,12.1074
306,8.6307,3.1907,11.8214
307,8.4882,3.3361,11.8244
308,8.5657,3.2745,11.8402
309,8.6491,3.5491,12.1982
310,8.6635,5.0734,13.7368
311,8.7049,5.0766,13.7815
312,8.8654,5.0955,13.9610
313,8.5581,4.8437,13.4018
314,8.5340,6.5606,15.0946
315,9.1309,5.0036,14.1345
316,8.5873,5.0074,13.5948
317,8.5485,5.0946,13.6431
318,8.7172,4.9848,13.7020
319,8.6570,4.7780,13.4350
320,8.7218,5.0548,13.7766
321,8.5215,4.8057,13.3271
322,8.6719,4.8306,13.5025
323,8.5773,5.0279,13.6053
324,8.5587,4.7127,13.2714
325,8.5009,4.6737,13.1746
326,8.4922,4.7595,13.2516
327,8.3551,4.6690,13.0241
328,8.5357,4.8099,13.3456
329,8.4762,4.7331,13.2094
330,8.4675,4.7894,13.2569
331,8.5573,4.6215,13.1788
332,8.4950,4.7959,13.2910
333,8.4902,4.8018,13.2920
334,8.5997,4.5212,13.1209
335,8.5762,4.2620,12.8382
336,8.5178,3.7447,12.2626
337,8.4464,3.8661,12.3125
338,8.4173,4.0148,12.4320
339,8.4637,4.0007,12.4644
340,8.3890,3.6886,12.0776
341,8.3805,3.5272,11.9078
342,8.3606,3.6500,12.0106
343,8.4239,4.1257,12.5496
344,8.3780,3.6930,12.0710
345,8.7765,3.6915,12.4680
346,8.3619,3.8021,12.1640
347,8.5523,3.7190,12.2713
348,8.3376,3.8689,12.2065
349,8.5849,3.6510,12.2358
350,8.5312,3.9002,12.4314
351,8.4579,3.7510,12.2089
352,8.5134,3.7731,12.2865
353,8.6007,4.2020,12.8027
354,8.7372,4.1249,12.8621
355,9.0297,4.2839,13.3136
356,8.6383,3.6772,12.3156
357,8.3939,2.6759,11.0699
358,8.3982,2.5479,10.9461
359,8.4439,2.6817,11.1255
360,8.5919,2.5236,11.1155
361,8.3900,3.0025,11.3925
362,8.4895,4.3858,12.8753
363,8.3600,4.2894,12.6494
364,8.5848,4.2394,12.8242
365,8.5835,4.2476,12.8312
366,8.5203,4.5756,13.0959
367,8.4058,4.3249,12.7307
368,8.4343,4.0020,12.4363
369,8.3600,4.1477,12.5077
370,8.4448,4.1482,12.5930
371,8.4717,5.0467,13.5183
372,8.6681,4.6997,13.3677
373,8.4916,4.6983,13.1899
374,8.5751,4.6430,13.2181
375,8.5392,5.1593,13.6984
376,8.5268,4.9638,13.4905
377,8.5822,3.9450,12.5272
378,8.5884,3.8242,12.4125
379,8.6621,3.9278,12.5900
380,8.6027,3.8539,12.4566
381,8.5800,4.1606,12.7406
382,8.5998,4.6515,13.2512
383,8.5627,5.8455,14.4082
384,8.6216,5.2175,13.8391
385,8.6202,5.3491,13.9693
386,8.4457,4.9464,13.3921
387,8.4488,4.9297,13.3785
388,8.5248,4.3868,12.9115
389,8.5705,4.3922,12.9627
390,8.2986,4.4104,12.7090
391,8.4556,4.5044,12.9600
392,9.3032,4.9772,14.2804
393,8.4663,4.5179,12.9842
394,8.4712,5.1212,13.5923
395,8.4421,4.5883,13.0304
396,8.3161,4.5926,12.9087
397,8.5311,5.0173,13.5485
398,8.5375,5.1535,13.6910
399,8.4751,4.8942,13.3693
400,8.5618,3.8433,12.4051
401,8.4368,3.8995,12.3363
402,8.5531,4.1225,12.6756
403,8.5886,3.9714,12.5600
404,8.4659,4.1749,12.6408
405,8.4777,4.1720,12.6497
406,8.4990,5.4729,13.9720
407,8.5918,4.9842,13.5760
408,8.6245,5.2907,13.9153
409,8.6450,4.5865,13.2315
410,8.6277,4.5832,13.2110
411,8.5970,4.4711,13.0681
412,8.5435,4.4717,13.0152
413,8.7432,4.4913,13.2345
414,8.7461,4.1201,12.8662
415,8.5139,4.3632,12.8771
416,8.5144,4.3285,12.8428
417,8.5442,4.5361,13.0803
418,8.4345,4.1433,12.5778
419,8.3572,4.1047,12.4619
420,8.4661,4.1337,12.5998
421,8.5120,4.3125,12.8244
422,8.5087,4.2937,12.8024
423,8.6359,5.3695,14.0054
424,8.6614,4.2679,12.9294
425,8.5237,4.8882,13.4118
426,8.5439,4.5625,13.1064
427,8.5870,4.5534,13.1404
428,8.5500,4.4681,13.0181
429,9.0103,4.5666,13.5769
430,8.4319,4.1831,12.6150
431,8.5368,4.3478,12.8845
432,8.3274,4.6804,13.0078
433,8.7930,3.8137,12.6067
434,8.3567,3.8136,12.1703
435,8.3267,3.5642,11.8909
436,8.3084,3.5971,11.9056
437,8.3767,3.6646,12.0413
438,8.4415,3.3814,11.8229
439,8.5615,3.5704,12.1319
440,8.4157,3.4594,11.8751
441,8.4178,3.8931,12.3109
442,8.4366,3.5457,11.9823
443,8.4927,3.4975,11.9902
444,8.6228,3.7008,12.3235
445,8.4640,3.7810,12.2450
446,8.5510,3.8045,12.3555
447,8.4015,3.7859,12.1874
448,8.4386,3.3623,11.8009
449,8.4847,3.8904,12.3751
450,8.3834,3.3699,11.7533
451,8.4128,3.6811,12.0939
452,8.4072,3.9724,12.3796
453,8.5838,3.6338,12.2176
454,8.5656,3.5943,12.1599
455,8.4567,3.9206,12.3773
456,8.5276,2.5283,11.0559
457,8.5373,2.6230,11.1602
458,8.6921,3.0259,11.7180
459,8.7043,3.2184,11.9228
460,8.6763,3.5037,12.1799
461,8.6922,4.6099,13.3022
462,8.4294,4.3488,12.7782
463,8.4512,4.0281,12.4793
464,8.3708,3.9155,12.2863
465,8.5762,3.9108,12.4871
466,8.3530,4.3974,12.7504
467,8.3482,3.8336,12.1818
468,8.3371,3.8595,12.1966
469,8.3250,4.0541,12.3790
470,8.3088,3.9924,12.3012
471,9.4051,4.1559,13.5610
472,8.3711,4.0019,12.3731
473,8.3478,3.7257,12.0735
474,8.3183,4.3375,12.6559
475,8.3320,3.7618,12.0938
476,8.2752,3.7808,12.0561
477,8.2669,3.8997,12.1666
478,8.2617,3.9061,12.1678
479,8.5168,3.9640,12.4808
480,8.4298,3.5673,11.9972
481,8.4850,3.7954,12.2804
482,8.3745,3.8050,12.1794
483,8.4161,3.7211,12.1372
484,8.3757,3.9869,12.3626
485,8.3965,3.6985,12.0950
486,8.2796,3.8273,12.1069
487,8.3278,3.5701,11.8980
488,8.4249,3.6061,12.0310
489,8.3740,3.3105,11.6845
490,8.2972,3.3512,11.6484
491,8.4991,3.5088,12.0079
492,8.2915,3.7715,12.0631
493,8.2915,3.6445,11.9361
494,8.3047,3.5512,11.8559
495,8.3926,3.8678,12.2604
496,8.3633,3.6379,12.0012
497,8.4630,3.6653,12.1283
498,8.4088,3.7966,12.2054
499,8.3546,4.0367,12.3912
